{"donnee_demographique":{"date_de_naissance":"Thu, 27 Dec 2001 23:00:00 GMT","genre":"femme","commune":"ngaliema","niveau_education":"diplome_universitaire","statut":"acheteur"},"acheteur":{"coords":{"latitude":-4.373543259999998,"longitude":15.266872399999995},"numbers":["0810477245"],"duree_activite":"plus_de_3_mois","nombre_achats":"10","nombre_produits_services":["vetements_accessoires","produits_beaute_soins_personnels"],"réseaux_sociaux":["whatsapp","instagram","facebook"],"paiement":["mpesa","especes"],"systeme_livraison":"livraison_domicile","facteurs_influence":["qualite_produit"],"qualite_service_client":"6","qualite_produits":"5","recommandation":"oui"}}