{"donnee_demographique":{"date_de_naissance":"Thu, 27 Mar 2003 23:00:00 GMT","genre":"femme","commune":"bandalungwa","niveau_education":"diplome_d_etudes_secondaires","statut":"acheteur"},"acheteur":{"numbers":["0811300272"],"duree_activite":"3_mois","nombre_achats":"7","nombre_produits_services":["vetements_accessoires"],"réseaux_sociaux":["instagram"],"paiement":["mpesa"],"systeme_livraison":"livraison_domicile","facteurs_influence":["autre"],"qualite_service_client":"3","qualite_produits":"3","recommandation":"oui"}}