{"donnee_demographique":{"date_de_naissance":"Thu, 21 Sep 2000 23:00:00 GMT","genre":"femme","commune":"mont-ngafula","niveau_education":"diplome_d_etudes_secondaires","statut":"vendeur_et_acheteur"},"vendeur":{"numbers":["0811534284"],"duree_activite":"plus_de_3_mois","type_produits_services":["electroniques_informatiques"],"reseaux_sociaux_vendre":["facebook"],"nombre_articles_achetes_vente":"1000","nombre_articles_vendus":"600","nombre_abonnes_pages":[{"facebook":"2000"}],"nombre_vues_moyen_publication":[{"facebook":"200"}],"paiement":["airtel_money","orange_money","mpesa_vodacom","especes"],"systeme_livraison":"livraison_domicile_transporteur","defis_commerce_electronique":["problemes_adressage_livraison"]},"acheteur":{"numbers":["0811534284"],"duree_activite":"plus_de_3_mois","nombre_achats":"100","nombre_produits_services":["appareils_electroniques_informatiques"],"réseaux_sociaux":["facebook"],"paiement":["virement_bancaire"],"systeme_livraison":"depot_relai","facteurs_influence":["avis_clients","qualite_produit"],"qualite_service_client":"3","qualite_produits":"4","recommandation":"non"}}