{"donnee_demographique":{"date_de_naissance":"Fri, 30 Nov 2001 23:00:00 GMT","genre":"femme","commune":"masina","niveau_education":"diplome_universitaire","statut":"vendeur"},"vendeur":{"coords":{"latitude":-4.3757133156554255,"longitude":15.372052109779416},"numbers":["0812239047"],"duree_activite":"plus_de_3_mois","type_produits_services":["vetements_accessoires"],"reseaux_sociaux_vendre":["instagram"],"nombre_articles_achetes_vente":"170","nombre_articles_vendus":"170","nombre_abonnes_pages":[{"instagram":"0"}],"nombre_vues_moyen_publication":[{"instagram":"1000"}],"paiement":["mpesa_vodacom"],"systeme_livraison":"livraison_domicile_transporteur","defis_commerce_electronique":["faible_penetration_internet"]}}