{"donnee_demographique":{"date_de_naissance":"Sat, 17 Mar 2001 23:00:00 GMT","genre":"homme","commune":"bandalungwa","niveau_education":"diplome_universitaire","statut":"acheteur"},"acheteur":{"numbers":["0815869801"],"duree_activite":"plus_de_3_mois","nombre_achats":"2","nombre_produits_services":["vetements_accessoires","autres"],"réseaux_sociaux":["instagram","whatsapp","tiktok"],"paiement":["mpesa"],"systeme_livraison":"livraison_domicile","facteurs_influence":["qualite_produit","prix"],"qualite_service_client":"2","qualite_produits":"3","recommandation":"oui"}}