{"donnee_demographique":{"date_de_naissance":"Thu, 04 Oct 1990 23:00:00 GMT","genre":"homme","commune":"limete","niveau_education":"diplome_universitaire","statut":"vendeur_et_acheteur"},"vendeur":{"coords":{"latitude":-4.32817612866724,"longitude":15.303346072864283},"numbers":["0815664245"],"duree_activite":"plus_de_3_mois","type_produits_services":["autres"],"reseaux_sociaux_vendre":["whatsapp"],"nombre_articles_achetes_vente":"10","nombre_articles_vendus":"10","nombre_abonnes_pages":[{"whatsapp":"300"}],"nombre_vues_moyen_publication":[{"whatsapp":"300"}],"paiement":["mpesa_vodacom"],"systeme_livraison":"livraison_domicile_transporteur","defis_commerce_electronique":["manque_confiance_consommateurs_commerce_electronique","difficultes_attirer_fideliser_clients"]},"acheteur":{"coords":{"latitude":-4.32817612866724,"longitude":15.303346072864283},"numbers":["0815664245"],"duree_activite":"plus_de_3_mois","nombre_achats":"7","nombre_produits_services":["vetements_accessoires","appareils_electroniques_informatiques","produits_beaute_soins_personnels"],"réseaux_sociaux":["facebook","instagram","whatsapp"],"paiement":["mpesa"],"systeme_livraison":"livraison_domicile","facteurs_influence":["qualite_produit","prix"],"qualite_service_client":"5","qualite_produits":"4","recommandation":"oui"}}