{"donnee_demographique":{"date_de_naissance":"Fri, 08 Feb 2002 23:00:00 GMT","genre":"homme","commune":"ngaliema","niveau_education":"diplome_d_etudes_secondaires","statut":"acheteur"},"acheteur":{"numbers":["0818446103"],"duree_activite":"plus_de_3_mois","nombre_achats":"20","nombre_produits_services":["vetements_accessoires","livre_medias","appareils_electroniques_informatiques"],"réseaux_sociaux":["facebook","whatsapp","telegram"],"paiement":["orange_money","mpesa"],"systeme_livraison":"livraison_domicile","facteurs_influence":["prix"],"qualite_service_client":"3","qualite_produits":"3","recommandation":"oui"}}