{"donnee_demographique":{"date_de_naissance":"Tue, 16 May 1995 23:00:00 GMT","genre":"homme","commune":"ngaliema","niveau_education":"diplome_d_etudes_superieures","statut":"acheteur"},"acheteur":{"numbers":["0818388259"],"duree_activite":"moins_de_3_mois","nombre_achats":"5","nombre_produits_services":["vetements_accessoires","appareils_electroniques_informatiques"],"réseaux_sociaux":["facebook","whatsapp","telegram"],"paiement":["especes","mpesa"],"systeme_livraison":"livraison_domicile","facteurs_influence":["avis_clients","prix","qualite_produit"],"qualite_service_client":"6","qualite_produits":"6","recommandation":"non"}}