{"donnee_demographique":{"date_de_naissance":"Wed, 03 Jul 2002 23:00:00 GMT","genre":"homme","commune":"matete","niveau_education":"diplome_d_etudes_secondaires","statut":"vendeur_et_acheteur"},"vendeur":{"coords":{"latitude":-4.3923504,"longitude":15.3378167},"numbers":["0819263203"],"duree_activite":"plus_de_3_mois","type_produits_services":["autres"],"reseaux_sociaux_vendre":["facebook","whatsapp"],"nombre_articles_achetes_vente":"10","nombre_articles_vendus":"10","nombre_abonnes_pages":[{"facebook":"1400"},{"whatsapp":""}],"nombre_vues_moyen_publication":[{"facebook":""},{"whatsapp":"174"}],"paiement":["orange_money","cheque","virement_bancaire","mpesa_vodacom"],"systeme_livraison":"livraison_domicile_transporteur","defis_commerce_electronique":["difficultes_attirer_fideliser_clients"]},"acheteur":{"coords":{"latitude":-4.3923504,"longitude":15.3378167},"numbers":["0819263203"],"duree_activite":"plus_de_3_mois","nombre_achats":"10","nombre_produits_services":["autres"],"réseaux_sociaux":["facebook","whatsapp"],"paiement":["orange_money","mpesa","carte_bancaire","virement_bancaire"],"systeme_livraison":"livraison_domicile","facteurs_influence":["avis_clients"],"qualite_service_client":"3","qualite_produits":"3","recommandation":"oui"}}