{"donnee_demographique":{"date_de_naissance":"Thu, 21 Apr 1988 23:00:00 GMT","genre":"homme","commune":"masina","niveau_education":"diplome_universitaire","statut":"acheteur"},"acheteur":{"numbers":["0820719953"],"duree_activite":"plus_de_3_mois","nombre_achats":"6","nombre_produits_services":["vetements_accessoires","appareils_electroniques_informatiques","autres"],"réseaux_sociaux":["facebook"],"paiement":["mpesa","especes"],"systeme_livraison":"livraison_domicile","facteurs_influence":["prix","qualite_produit"],"qualite_service_client":"3","qualite_produits":"3","recommandation":"oui"}}