{"donnee_demographique":{"date_de_naissance":"Tue, 18 Dec 2001 23:00:00 GMT","genre":"femme","commune":"ngaliema","niveau_education":"diplome_d_etudes_secondaires","statut":"acheteur"},"acheteur":{"coords":{"latitude":-4.3416221,"longitude":15.2804089},"numbers":["0822355115"],"duree_activite":"plus_de_3_mois","nombre_achats":"1","nombre_produits_services":["fournitures_scolaires","vetements_accessoires"],"réseaux_sociaux":["whatsapp"],"paiement":["airtel_money","virement_bancaire"],"systeme_livraison":"livraison_domicile","facteurs_influence":["prix","qualite_produit"],"qualite_service_client":"4","qualite_produits":"3","recommandation":"oui"}}