{"donnee_demographique":{"date_de_naissance":"Fri, 14 Aug 1998 23:00:00 GMT","genre":"femme","commune":"limete","niveau_education":"diplome_universitaire","statut":"acheteur"},"acheteur":{"numbers":["0822878758"],"duree_activite":"plus_de_3_mois","nombre_achats":"5","nombre_produits_services":["vetements_accessoires","autres"],"réseaux_sociaux":["whatsapp"],"paiement":["airtel_money","virement_bancaire"],"systeme_livraison":"recuperation_magasin","facteurs_influence":["qualite_produit","avis_clients"],"qualite_service_client":"3","qualite_produits":"5","recommandation":"oui"}}