{"donnee_demographique":{"date_de_naissance":"Sun, 06 Dec 1998 23:00:00 GMT","genre":"homme","commune":"bandalungwa","niveau_education":"diplome_universitaire","statut":"acheteur"},"acheteur":{"numbers":["0824508332"],"duree_activite":"plus_de_3_mois","nombre_achats":"5","nombre_produits_services":["livre_medias","vetements_accessoires"],"réseaux_sociaux":["facebook"],"paiement":["especes"],"systeme_livraison":"livraison_domicile","facteurs_influence":["prix"],"qualite_service_client":"3","qualite_produits":"3","recommandation":"non"}}