{"donnee_demographique":{"date_de_naissance":"Sun, 22 Jul 2001 23:00:00 GMT","genre":"femme","commune":"gombe","niveau_education":"diplome_d_etudes_secondaires","statut":"vendeur_et_acheteur"},"vendeur":{"numbers":["0825400875","0829582829"],"duree_activite":"plus_de_3_mois","type_produits_services":["vetements_accessoires"],"reseaux_sociaux_vendre":["whatsapp","tiktok","facebook"],"nombre_articles_achetes_vente":"5","nombre_articles_vendus":"5","nombre_abonnes_pages":[{"whatsapp":"150"},{"tiktok":"1137"},{"facebook":"1500"}],"nombre_vues_moyen_publication":[{"whatsapp":"45"},{"tiktok":"100"},{"facebook":"100"}],"paiement":["mpesa_vodacom"],"systeme_livraison":"livraison_domicile_transporteur","defis_commerce_electronique":["manque_confiance_consommateurs_commerce_electronique"]},"acheteur":{"numbers":["0825400875","0829582829"],"duree_activite":"plus_de_3_mois","nombre_achats":"2","nombre_produits_services":["vetements_accessoires"],"réseaux_sociaux":["facebook","whatsapp","tiktok"],"paiement":["mpesa"],"systeme_livraison":"livraison_domicile","facteurs_influence":["qualite_produit"],"qualite_service_client":"3","qualite_produits":"3","recommandation":"oui"}}