{"donnee_demographique":{"date_de_naissance":"Sat, 03 Oct 1998 23:00:00 GMT","genre":"homme","commune":"lemba","niveau_education":"diplome_d_etudes_secondaires","statut":"vendeur_et_acheteur"},"vendeur":{"numbers":["0828968473"],"duree_activite":"moins_de_3_mois","type_produits_services":["vetements_accessoires","electroniques_informatiques","beaute_soins_personnels","instruments_musique","autres"],"reseaux_sociaux_vendre":["whatsapp"],"nombre_articles_achetes_vente":"10","nombre_articles_vendus":"15","nombre_abonnes_pages":[{"whatsapp":"300"}],"nombre_vues_moyen_publication":[{"whatsapp":"150"}],"paiement":["mpesa_vodacom"],"systeme_livraison":"livraison_domicile_transporteur","defis_commerce_electronique":["difficultes_attirer_fideliser_clients","faible_penetration_internet","manque_infrastructures_paiement_electroniques_appropriees","manque_confiance_consommateurs_commerce_electronique","problemes_adressage_livraison"]},"acheteur":{"numbers":["0828968473"],"duree_activite":"moins_de_3_mois","nombre_achats":"15","nombre_produits_services":["vetements_accessoires","appareils_electroniques_informatiques","produits_beaute_soins_personnels","instruments_musique","autres"],"réseaux_sociaux":["whatsapp"],"paiement":["mpesa"],"systeme_livraison":"livraison_domicile","facteurs_influence":["avis_clients","qualite_produit","autre"],"qualite_service_client":"3","qualite_produits":"3","recommandation":"non"}}