{"donnee_demographique":{"date_de_naissance":"Sat, 29 Jul 2000 23:00:00 GMT","genre":"homme","commune":"kalamu","niveau_education":"diplome_universitaire","statut":"acheteur"},"acheteur":{"coords":{"latitude":-4.3500814,"longitude":15.3224485},"numbers":["0829874607"],"duree_activite":"plus_de_3_mois","nombre_achats":"20","nombre_produits_services":["livre_medias","autres"],"réseaux_sociaux":["whatsapp","telegram"],"paiement":["carte_bancaire","mpesa"],"systeme_livraison":"autre","facteurs_influence":["prix","autre","qualite_produit"],"qualite_service_client":"3","qualite_produits":"4","recommandation":"oui"}}