{"donnee_demographique":{"date_de_naissance":"Wed, 18 Apr 2001 23:00:00 GMT","genre":"homme","commune":"lemba","niveau_education":"diplome_universitaire","statut":"acheteur"},"acheteur":{"coords":{"latitude":-4.400609,"longitude":15.3147649},"numbers":["0829089910"],"duree_activite":"moins_de_3_mois","nombre_achats":"1","nombre_produits_services":["livre_medias"],"réseaux_sociaux":["facebook"],"paiement":["mpesa"],"systeme_livraison":"livraison_domicile","facteurs_influence":["prix"],"qualite_service_client":"3","qualite_produits":"3","recommandation":"non"}}