{"donnee_demographique":{"date_de_naissance":"Sun, 02 Mar 1969 23:00:00 GMT","genre":"homme","commune":"mont-ngafula","niveau_education":"diplome_universitaire","statut":"acheteur"},"acheteur":{"coords":{"latitude":-4.4357864,"longitude":15.269768},"numbers":["0835742144"],"duree_activite":"plus_de_3_mois","nombre_achats":"3","nombre_produits_services":["vetements_accessoires"],"réseaux_sociaux":["facebook"],"paiement":["especes"],"systeme_livraison":"autre","facteurs_influence":["prix","qualite_produit","autre"],"qualite_service_client":"3","qualite_produits":"4","recommandation":"oui"}}