{"donnee_demographique":{"date_de_naissance":"Mon, 05 Feb 2001 23:00:00 GMT","genre":"homme","commune":"lingwala","niveau_education":"diplome_d_etudes_secondaires","statut":"acheteur"},"acheteur":{"numbers":["0842558167"],"duree_activite":"moins_de_3_mois","nombre_achats":"1","nombre_produits_services":["autres"],"réseaux_sociaux":["tiktok","instagram","whatsapp","telegram"],"paiement":["orange_money"],"systeme_livraison":"autre","facteurs_influence":["qualite_produit","prix"],"qualite_service_client":"4","qualite_produits":"4","recommandation":"non"}}