{"donnee_demographique":{"date_de_naissance":"Sat, 07 Oct 2000 23:00:00 GMT","genre":"homme","commune":"maluku","niveau_education":"diplome_d_etudes_secondaires","statut":"acheteur"},"acheteur":{"numbers":["0843392990"],"duree_activite":"plus_de_3_mois","nombre_achats":"1","nombre_produits_services":["autres"],"réseaux_sociaux":["telegram"],"paiement":["orange_money"],"systeme_livraison":"autre","facteurs_influence":["qualite_produit"],"qualite_service_client":"3","qualite_produits":"5","recommandation":"non"}}