{"donnee_demographique":{"date_de_naissance":"Thu, 03 Jun 2004 23:00:00 GMT","genre":"femme","commune":"barumbu","niveau_education":"diplome_universitaire","statut":"acheteur"},"vendeur":{"numbers":["0854140758","0810617995"],"duree_activite":"plus_de_3_mois","type_produits_services":["vetements_accessoires"],"reseaux_sociaux_vendre":["whatsapp"],"nombre_articles_achetes_vente":"20","nombre_articles_vendus":"15","nombre_abonnes_pages":[{"whatsapp":"350"}],"nombre_vues_moyen_publication":[{"whatsapp":"200"}],"paiement":["orange_money"],"systeme_livraison":"pas_de_livraison","defis_commerce_electronique":["faible_penetration_internet"]},"acheteur":{"numbers":["0854140758","0810617995"],"duree_activite":"plus_de_3_mois","nombre_achats":"3","nombre_produits_services":["autres"],"réseaux_sociaux":["instagram"],"paiement":["orange_money"],"systeme_livraison":"recuperation_magasin","facteurs_influence":["qualite_produit"],"qualite_service_client":"6","qualite_produits":"6","recommandation":"non"}}