{"donnee_demographique":{"date_de_naissance":"Fri, 09 Jul 2004 23:00:00 GMT","genre":"femme","commune":"kintambo","niveau_education":"diplome_d_etudes_secondaires","statut":"acheteur"},"acheteur":{"numbers":["0855182672"],"duree_activite":"plus_de_3_mois","nombre_achats":"8","nombre_produits_services":["autres"],"réseaux_sociaux":["facebook","instagram","whatsapp"],"paiement":["especes"],"systeme_livraison":"livraison_domicile","facteurs_influence":["qualite_produit","avis_clients"],"qualite_service_client":"4","qualite_produits":"4","recommandation":"non"}}