{"donnee_demographique":{"date_de_naissance":"Sat, 22 Jan 2005 23:00:00 GMT","genre":"femme","commune":"selembao","niveau_education":"diplome_d_etudes_secondaires","statut":"acheteur"},"acheteur":{"coords":{"latitude":-4.432563779999999,"longitude":15.258168219999995},"numbers":["0855055703"],"duree_activite":"moins_de_3_mois","nombre_achats":"1","nombre_produits_services":["autres"],"réseaux_sociaux":["tiktok","whatsapp","facebook"],"paiement":["orange_money","mpesa"],"systeme_livraison":"recuperation_magasin","facteurs_influence":["avis_clients"],"qualite_service_client":"3","qualite_produits":"3","recommandation":"oui"}}