{"donnee_demographique":{"date_de_naissance":"Thu, 25 Dec 2003 23:00:00 GMT","genre":"homme","commune":"ngaliema","niveau_education":"diplome_d_etudes_secondaires","statut":"acheteur"},"acheteur":{"numbers":["0892873243"],"duree_activite":"moins_de_3_mois","nombre_achats":"2","nombre_produits_services":["vetements_accessoires"],"réseaux_sociaux":["facebook"],"paiement":["especes"],"systeme_livraison":"autre","facteurs_influence":["avis_clients"],"qualite_service_client":"3","qualite_produits":"3","recommandation":"oui"}}