{"donnee_demographique":{"date_de_naissance":"Sun, 24 Jun 2001 23:00:00 GMT","genre":"homme","commune":"ngaliema","niveau_education":"diplome_d_etudes_secondaires","statut":"vendeur_et_acheteur"},"vendeur":{"coords":{"latitude":-4.3746634,"longitude":15.2613552},"numbers":["0903598148"],"duree_activite":"plus_de_3_mois","type_produits_services":["autres"],"reseaux_sociaux_vendre":["whatsapp","facebook"],"nombre_articles_achetes_vente":"10","nombre_articles_vendus":"6","nombre_abonnes_pages":[{"whatsapp":"1600"},{"facebook":"350"}],"nombre_vues_moyen_publication":[{"whatsapp":"50"},{"facebook":"100"}],"paiement":["mpesa_vodacom","especes"],"systeme_livraison":"livraison_domicile_transporteur","defis_commerce_electronique":["faible_penetration_internet"]},"acheteur":{"coords":{"latitude":-4.3746634,"longitude":15.2613552},"numbers":["0903598148"],"duree_activite":"plus_de_3_mois","nombre_achats":"0","nombre_produits_services":["autres"],"réseaux_sociaux":["facebook","whatsapp"],"paiement":["mpesa","especes"],"systeme_livraison":"autre","facteurs_influence":["qualite_produit"],"qualite_service_client":"3","qualite_produits":"3","recommandation":"oui"}}