{"donnee_demographique":{"date_de_naissance":"Thu, 07 May 1981 23:00:00 GMT","genre":"femme","commune":"kalamu","niveau_education":"diplome_universitaire","statut":"acheteur"},"acheteur":{"numbers":["0903660987"],"duree_activite":"moins_de_3_mois","nombre_achats":"1","nombre_produits_services":["autres"],"réseaux_sociaux":["whatsapp","facebook"],"paiement":["especes"],"systeme_livraison":"livraison_domicile","facteurs_influence":["autre"],"qualite_service_client":"3","qualite_produits":"4","recommandation":"non"}}