{"donnee_demographique":{"date_de_naissance":"Tue, 08 Jan 1963 23:00:00 GMT","genre":"homme","commune":"kalamu","niveau_education":"diplome_universitaire","statut":"acheteur"},"acheteur":{"coords":{"latitude":-4.3123284,"longitude":15.2780097},"numbers":["0970442486"],"duree_activite":"moins_de_3_mois","nombre_achats":"0","nombre_produits_services":["vetements_accessoires"],"réseaux_sociaux":["facebook"],"paiement":["especes"],"systeme_livraison":"recuperation_magasin","facteurs_influence":["prix","qualite_produit"],"qualite_service_client":"3","qualite_produits":"4","recommandation":"non"}}