{"donnee_demographique":{"date_de_naissance":"Sun, 09 Dec 2001 23:00:00 GMT","genre":"femme","commune":"kasa-vubu","niveau_education":"diplome_d_etudes_secondaires","statut":"acheteur"},"acheteur":{"numbers":["0973758966"],"duree_activite":"moins_de_3_mois","nombre_achats":"2","nombre_produits_services":["vetements_accessoires"],"réseaux_sociaux":["whatsapp"],"paiement":["especes"],"systeme_livraison":"livraison_domicile","facteurs_influence":["autre"],"qualite_service_client":"3","qualite_produits":"3","recommandation":"oui"}}