{"donnee_demographique":{"date_de_naissance":"Tue, 29 Jun 2004 23:00:00 GMT","genre":"homme","commune":"barumbu","niveau_education":"diplome_universitaire","statut":"vendeur"},"vendeur":{"numbers":["0974215645","0818292132"],"duree_activite":"plus_de_3_mois","type_produits_services":["vetements_accessoires","electroniques_informatiques"],"reseaux_sociaux_vendre":["instagram","facebook","tiktok","whatsapp"],"nombre_articles_achetes_vente":"200","nombre_articles_vendus":"150","nombre_abonnes_pages":[{"instagram":"2500"},{"facebook":"2890"},{"tiktok":"1000"},{"whatsapp":"4000"}],"nombre_vues_moyen_publication":[{"instagram":"200"}],"paiement":["orange_money","airtel_money"],"systeme_livraison":"pas_de_livraison","defis_commerce_electronique":["faible_penetration_internet","problemes_adressage_livraison","manque_confiance_consommateurs_commerce_electronique","difficultes_attirer_fideliser_clients"]},"acheteur":{"numbers":["0974215645","0818292132"],"duree_activite":"plus_de_3_mois","nombre_achats":"3","nombre_produits_services":["autres"],"réseaux_sociaux":["instagram"],"paiement":["orange_money"],"systeme_livraison":"recuperation_magasin","facteurs_influence":["qualite_produit"],"qualite_service_client":"6","qualite_produits":"6","recommandation":"non"}}