{"donnee_demographique":{"date_de_naissance":"Tue, 17 Apr 2001 23:00:00 GMT","genre":"homme","commune":"lemba","niveau_education":"diplome_universitaire","statut":"acheteur"},"acheteur":{"numbers":["0995115144"],"duree_activite":"plus_de_3_mois","nombre_achats":"1","nombre_produits_services":["livre_medias"],"réseaux_sociaux":["facebook"],"paiement":["orange_money","airtel_money"],"systeme_livraison":"livraison_domicile","facteurs_influence":["prix"],"qualite_service_client":"3","qualite_produits":"3","recommandation":"non"}}