{"donnee_demographique":{"date_de_naissance":"Fri, 17 Dec 1999 23:00:00 GMT","genre":"homme","commune":"ngaliema","niveau_education":"diplome_d_etudes_superieures","statut":"vendeur_et_acheteur"},"vendeur":{"coords":{"latitude":-4.36572349894434,"longitude":15.243663689513486},"numbers":[],"duree_activite":"plus_de_3_mois","type_produits_services":["electroniques_informatiques","vetements_accessoires","autres"],"reseaux_sociaux_vendre":["instagram","whatsapp"],"nombre_articles_achetes_vente":"20","nombre_articles_vendus":"18","nombre_abonnes_pages":[{"instagram":"1118"},{"whatsapp":"300"}],"nombre_vues_moyen_publication":[{"instagram":"500"},{"whatsapp":"250"}],"paiement":["mpesa_vodacom","especes","virement_bancaire","carte_bancaire"],"systeme_livraison":"livraison_domicile_transporteur","defis_commerce_electronique":["manque_confiance_consommateurs_commerce_electronique","difficultes_attirer_fideliser_clients"]},"acheteur":{"coords":{"latitude":-4.36572349894434,"longitude":15.243663689513486},"numbers":[],"duree_activite":"plus_de_3_mois","nombre_achats":"25","nombre_produits_services":["appareils_electroniques_informatiques","vetements_accessoires","autres"],"réseaux_sociaux":["instagram","whatsapp"],"paiement":["mpesa","carte_bancaire","especes","virement_bancaire"],"systeme_livraison":"livraison_domicile","facteurs_influence":["qualite_produit","autre"],"qualite_service_client":"4","qualite_produits":"5","recommandation":"oui"}}