{"donnee_demographique":{"date_de_naissance":"Sat, 06 Jul 1996 23:00:00 GMT","genre":"homme","commune":"lemba","niveau_education":"diplome_d_etudes_superieures","statut":"acheteur"},"acheteur":{"coords":{"latitude":-4.3166755,"longitude":15.2717302},"numbers":[],"duree_activite":"moins_de_3_mois","nombre_achats":"4","nombre_produits_services":["vetements_accessoires","appareils_electroniques_informatiques"],"réseaux_sociaux":["facebook","whatsapp","telegram","instagram"],"paiement":["airtel_money","mpesa","orange_money","carte_bancaire"],"systeme_livraison":"livraison_domicile","facteurs_influence":["prix","qualite_produit"],"qualite_service_client":"3","qualite_produits":"4","recommandation":"oui"}}