{"donnee_demographique":{"date_de_naissance":"Tue, 11 Dec 2007 23:00:00 GMT","genre":"homme","commune":"kalamu","niveau_education":"diplome_universitaire","statut":"acheteur"},"acheteur":{"coords":{"latitude":-4.351135,"longitude":15.3165943},"numbers":[],"duree_activite":"moins_de_3_mois","nombre_achats":"3","nombre_produits_services":["vetements_accessoires"],"réseaux_sociaux":["facebook","whatsapp"],"paiement":["especes","mpesa"],"systeme_livraison":"livraison_domicile","facteurs_influence":["prix"],"qualite_service_client":"3","qualite_produits":"3","recommandation":"oui"}}