{"donnee_demographique":{"date_de_naissance":"Tue, 04 Dec 2007 23:00:00 GMT","genre":"homme","commune":"gombe","niveau_education":"diplome_universitaire","statut":"vendeur_et_acheteur"},"vendeur":{"coords":{"latitude":-4.3162397,"longitude":15.2831767},"numbers":[],"duree_activite":"3_mois","type_produits_services":["vetements_accessoires","beaute_soins_personnels"],"reseaux_sociaux_vendre":["instagram","facebook","twitter","youtube","telegram"],"nombre_articles_achetes_vente":"20","nombre_articles_vendus":"10","nombre_abonnes_pages":[{"instagram":"500"},{"facebook":"5000"},{"twitter":"422"},{"youtube":"5555"},{"telegram":"5555"}],"nombre_vues_moyen_publication":[{"instagram":"10000"},{"facebook":"2000"},{"twitter":"200"},{"youtube":"2000"},{"telegram":"3200"}],"paiement":["mpesa_vodacom","orange_money","carte_bancaire","cheque"],"systeme_livraison":"livraison_domicile_transporteur","defis_commerce_electronique":["manque_infrastructures_paiement_electroniques_appropriees","problemes_adressage_livraison"]},"acheteur":{"coords":{"latitude":-4.3162397,"longitude":15.2831767},"numbers":[],"duree_activite":"3_mois","nombre_achats":"10","nombre_produits_services":["appareils_electroniques_informatiques"],"réseaux_sociaux":["youtube","whatsapp"],"paiement":["airtel_money","carte_bancaire","cheque"],"systeme_livraison":"livraison_domicile","facteurs_influence":["qualite_produit"],"qualite_service_client":"3","qualite_produits":"5","recommandation":"non"}}