{"donnee_demographique":{"date_de_naissance":"Sat, 28 Jun 2003 23:00:00 GMT","genre":"homme","commune":"mont-ngafula","niveau_education":"diplome_d_etudes_secondaires","statut":"acheteur"},"acheteur":{"coords":{"latitude":-4.4438809,"longitude":15.3140331},"numbers":[],"duree_activite":"plus_de_3_mois","nombre_achats":"1","nombre_produits_services":["vetements_accessoires"],"réseaux_sociaux":["instagram","facebook","whatsapp"],"paiement":["especes"],"systeme_livraison":"livraison_domicile","facteurs_influence":["autre"],"qualite_service_client":"3","qualite_produits":"3","recommandation":"oui"}}