{"donnee_demographique":{"date_de_naissance":"Mon, 05 May 2003 23:00:00 GMT","genre":"femme","commune":"kinshasa","niveau_education":"diplome_d_etudes_secondaires","statut":"vendeur"},"vendeur":{"coords":{"latitude":-4.318606447042572,"longitude":15.310431144057402},"numbers":[],"duree_activite":"plus_de_3_mois","type_produits_services":["vetements_accessoires"],"reseaux_sociaux_vendre":["whatsapp","facebook","instagram"],"nombre_articles_achetes_vente":"20","nombre_articles_vendus":"16","nombre_abonnes_pages":[{"whatsapp":"200"},{"facebook":"500"},{"instagram":"100"}],"nombre_vues_moyen_publication":[{"whatsapp":"160"},{"facebook":"150"},{"instagram":"50"}],"paiement":["especes","orange_money","virement_bancaire"],"systeme_livraison":"livraison_point_relais","defis_commerce_electronique":["manque_confiance_consommateurs_commerce_electronique","difficultes_attirer_fideliser_clients"]}}